Account Name,Status,BUH,DD,January Team size,January shadows,January ramp up,January ramp down,January utilization,January Revenue,January Cost,February Team size,February  shadows,February  ramp up,February  ramp down,February  utilization,February  Revenue,February  Cost,March Team size,March shadows,March ramp up,March ramp down,March utilization,March Revenue,March Cost,April Team size,April shadows,April ramp up,April ramp down,April utilization,April Revenue,April Cost,May Team size,May shadows,May ramp up,May ramp down,May utilization,May Revenue,May Cost,June Team size,June shadows,June ramp up,June ramp down,June utilization,June Revenue,June Cost,July Team size,July shadows,July ramp up,July ramp down,July utilization,July Revenue,July Cost,August Team size,August shadows,August ramp up,August ramp down,August utilization,August Revenue,August Cost,September Team size,September shadows,September ramp up,September ramp down,September utilization,September Revenue,September Cost,October Team size,October shadows,October ramp up,October ramp down,October utilization,October Revenue,October Cost
Apex Group,Active,Krishna Singh,Bhavesh Yagnik,,,,,,,,7.45,1,19,0,23.67%,"$12,288","$24,434",23.70,1,8,0,63%,"$87,391","$63,287",29.13,1,4,,83%,"$1,61,390","$78,351",34.9,1,6,1,85%,"$1,92,504","$93,500",37.72,1,2,,92%,"$2,30,195","$1,01,363",40.12,1,6,,91%,"$2,65,155","$1,05,366",43.49,2,4,,88%,"$2,32,884","$1,17,233",,,,,,,,,,,,,,
Aura,Active,Sat,Anand Shah,1.00,,,,100%,"$4,899","$3,275",7.00,,,,100%,"$4,900","$3,247",1.00,,,,100%,"$4,900","$3,261",1.00,,,,100%,"$4,900","$3,464",1.00,,,,100%,"$4,900","$3,481",1.00,,,,100%,"$4,900","$3,451",1.00,,,,100%,"$4,900","$3,445",1.00,,,,100%,"$4,900","$3,488",1.00,,,,100%,"$4,900","$3,488",1.00,,,,100%,"$4,900","$3,488"
Awana,Active,Prathima,Ashish Moses,,,,,,,,,,,,,,,,,,,,,,,,,,,,,,,,,,,,,,,,,,,,,,,,,,,,,,,,,,,,,,,,,,,,,,
BCI,Active,Shyam,Munish Goyal,,,,,,,,,,,,,,,,,,,,,,3.00,0,2,0,95%,"$6,800","$3,394",3.00,0,2,0,98%,"$27,505","$5,984",3.00,0,0,0,89%,"$13,840","$8,782",3.00,0,0,0,91%,"$23,932","$7,866",3.00,0,0,0,86%,"$25,640","$17,453",5.00,0,0,0,95%,"$37,280","$24,320",,,,,,,
BITS,Active,Ramesh,Sunil Das,9.00,0,0,0,95%,"$10,960","$8,200",7.00,0,0,2,95%,"$9,144","$7,097",9.00,0,0,0,95%,"$8,609","$7,600",9.00,0,0,0,96%,"$8,609","$7,600",9.00,0,0,0,96%,"$8,609","$8,060",9.00,0,0,0,96%,"$8,609","$8,060",9.00,0,0,0,96%,"$8,609","$8,060",,,,,,,,,,,,,,,,,,,,,
BlueSky,Active,Krishna Singh,Shubhanjali Sinha,,,,,,,,,,,,,,,,,,,,,,,,,,,,,,,,,,,,,,,,,,,,,,,,,,,,,,,,,,,,,,,,,,,,,,
BrightQuery,Active,Shyam,Swathi Kadoor,13.00,0,0,0,100%,"$51,998.00","$43,565.00",15.00,2,2,0,88%,"$51,998.00","$41,731.00",12.00,3,0,2,100%,"$51,998.00","$41,191.00",12.00,3,0,0,100%,"$51,998.00","$43,594.00",12.00,3,0,0,100%,"$58,350","$43,684",13.00,4,2,0,100%,"$62,850","$48,094",13.00,4,0,0,100%,"$62,850","$47,181",13.00,4,0,0,100%,"$62,850","$47,181",13.00,4,0,0,100%,"$62,850","$47,181",,,,,,,
Buchanan,Active,Shyam,Munish Goyal,3.00,0,,,77%,"$11,389","$4,606",2.50,0,0,0,77%,"$11,390","$5,338",2.50,0,0,1,64%,"$10,891","$5,338",2.00,0,0,0,80%,"$8,990","$3,875",2.00,0.00,0,0,83%,"$8,973","$3,806",2.00,0,0,0,87%,"$8,993","$4,034",2.00,0,0,0,75%,"$8,987","$3,963",2.00,0,0,0,91%,"$8,974","$3,963",2.00,0,0,0,79%,"$8,993","$3,963",,,,,,,
CBC All Account,Active,Shyam,Nikhil Damwani,38.00,0,0,0,93.00%,"$2,36,904","$1,17,748",37.00,0,0,0,90.00%,"$1,97,612","$1,09,370",37.00,0,0,0,90%,"$1,92,776","$1,11,473",36,0.5,0,0,94%,"$2,20,652","$1,13,142",38,0.25,2,0,91%,"$2,19,545","$1,18,994",38.00,1,0,0,94%,"$2,21,429","$1,24,730",38.00,1,0,0,90%,"$2,43,076","$1,27,855",38.00,1,0,0,94%,"$2,02,324","$1,22,995",37.00,1,0,0,91%,"$2,20,504","$1,23,439",,,,,,,
Chirp,Active,Prathima,Venugopal Reddy,,,,,,,,,,,,,,,,,,,,,,,,,,,,,,,,,,,,,,,,,,,,,,,,,,,,,,,,,4.50,0,0,0,74%,"$18,992","$10,484",,,,,,,
ChoiceBank,Active,Nitin Agarwal,Venugopal Reddy,2.00,0,0,0,93%,"$12,280","$2,214",2.00,0,0,0,90%,"$10,840","$2,435",2.00,0,0,0,89%,"$12,600","$2,214",2.00,0,0,0,93%,"$12,280","$2,214",2.00,0,0,0,91%,"$12,000","$2,490",2.00,0,0,0,98%,"$13,080","$2,490",2.00,0,0,0,96%,"$16,016","$2,273",,,,,,,,,,,,,,,,,,,,,
CinchHS,Active,Shyam,Sunil Das,24.00,0,5,0,91%,"$1,36,542","$65,343",28.00,0,0,0,92%,"$1,32,641","$63,475",32.00,0,4,0,91%,"$1,38,547","$65,733",34.00,0,2,0,92%,"$1,91,250","$69,350",34.00,0,0,0,92%,"$1,76,437","$67,577",33.00,0,1,0,94%,"$1,80,047","$65,750",33.00,0,0,0,92%,"$1,97,913","$69,477",32.00,0,0,0,96%,"$1,65,389","$66,543",32.00,0,0,0,94%,"$1,85,299","$70,722",,,,,,,
Cision,Active,Anand Raja,Bhavesh Yagnik,134.79,7,3,3,89%,"$7,09,590","$4,42,923",138.25,6,14.0,0,90%,"$7,36,044","$4,23,549",143.48,6,1,6,87%,"$7,35,723","$4,39,413",125.73,7,,,88%,"$6,94,047","$4,21,637",131.64,7,,,88%,"$7,16,118","$4,19,103",136.77,6,3,1,88%,"$7,39,457.00","$4,01,529.00",135.33,5,0,1,90%,"$7,27,495","$3,53,782",136.36,5,,1,89%,"$7,40,373","$4,14,852",,,,,,,,,,,,,,
CodaMetrix,Active,Tony,Nikhil Damwani,2.00,0.0,0,0,96%,"$7,434","$4,406",2,0.0,0,0,98%,"$6,948","$3,749",2.00,0,0,0,96%,"$6,816","$4,406",2.00,0.0,0,0,100%,"$7,788","$4,406",2.00,0.0,0,0,100%,"$7,434","$4,432",2.00,0,1,0,94%,"$12,186","$7,787",0.00,0,0,0,99%,"$14,082","$7,787",3.00,0,0,0,100%,"$11,742","$7,787",3.00,0,0,0,99%,"$13,416","$7,787",,,,,,,
Company,Active,Prathima,Ashish Moses,,,,,,,,,,,,,,,,,,,,,,,,,,,,,,,,,,,,,,,,,,,,,,,,,,,,,,,,,,,,,,,,,,,,,,
Confluence,Active,Anand Raja,Sunil Das,17.00,1,0,0,105%,"$85,157","$43,640",17.00,1,0,0,108%,"$77,707","$40,184",17.00,1,0,0,111%,"$1,21,816","$58,002",25.00,1,0,0,110%,"$1,34,110","$58,002",25.00,1,0,0,110%,"$1,34,110","$61,490",25.00,1,0,0,110%,"$1,34,110","$61,490",25.00,1,0,0,110%,"$1,38,110","$61,490",,,,,,,,,,,,,,,,,,,,,
Connectria /LightEdge,Active,Anand Raja,Rajesh Singh,7.00,0,0,0,88.96%,"46,320","22,510",7.00,0,0,0,92.14%,"$43,360","$22,510",7.00,0,0,0,86%,"$40,600","$22,510",7.00,0,0,0,87%,"$45,036","$22,510",7.00,0,0,0,94%,"$47,120","$22,510",7.00,0,0,0,97%,"$48,880","$31,037",,,,,,,,,,,,,,,,,,,,,,,,,,,,
Corsearch,Active,Krishna Singh,Shubhanjali Sinha,,,,,,,,,,,,,,,,,,,,,,,,,,,,,,,,,,,,,,,,,,,,,,,,,,,,,,,,,,,,,,,,,,,,,,
Covetrus,Active,Tony,Sunil Das,,,,,92%,"$36,192","$15,485",7.00,0,0,0,92%,"$34,752","$15,485",7.00,0,0,0,95%,"$35,160","$18,295",7.00,0,0,0,94%,"$38,016","$19,401",7.00,0,0,0,90%,"$34,968","$17,826",7.00,0,0,0,95%,"$36,936","$17,826",,,,,95%,"$36,400","$17,826",,,,,,,,,,,,,,,,,,,,,
Crown Castle,Active,Santosh Saboo,Swathi Kadoor,11.00,1,0,0,98%,"$78,269.00","$25,592.00",11.00,0,0,0,100%,"$63,954","$21,729",10.00,1,0,0,99%,"$64,366","$21,729",10.00,1,0,0,98%,"$70,349","$21,729",10.00,1,0,0,98%,"$67,151","$22,179",11.00,1,1,0,98%,"$67,151","$22,179",11.00,1,0,0,98%,"$81,827","$25,236",11.00,1,0,0,98%,"$67,596","$22,179",11.00,1,0,0,97%,"$77,549","$25,236",,,,,,,
DDI,Active,Tony,Sunil Das,20,0,0,0,88.00%,"$1,04,424 ","$47,536 ",21,0,0,0,72.00%,"$90,308 ","$49,096 ",21,0,0,0,95.00%,"$1,03,320 ","$49,096 ",21,0,0,0,99.00%,"$1,12,544 ","$49,096 ",21,0,0,0,99.00%,"$1,07,572 ","$48,346 ",21,0,0,0,99.00%,"$1,01,684 ","$52,044 ",19,0,0,0,99.00%,"$1,07,904 ","$52,044 ",18,0,0,0,99.00%,"$87,488 ","$55,855 ",18,0,0,0,95.00%,"$1,04,904 ","$55,855 ",,,,,,,
DELL,Active,Tony,Venugopal Reddy,82.00,2,0,0,97%,"$4,17,341","$2,18,249",87.00,5,0,5,93%,"$4,02,755","$2,20,345",84.00,2,0,5,91%,"$3,94,420","$2,17,582",79.00,6,0,0,92%,"$3,93,924","$2,11,315",,0,0,0,90%,,,,,,,,,,81.00,3,1,12,96%,"$7,58,343","$2,15,862",,,,,,,,,,,,,,,,,,,,,
Echo Health,Active,Anand Raja,Sunil Das,161.00,3,0,0,97%,"$5,72,660","$2,96,239",161.00,3,0,0,97%,"$5,75,183","$2,96,239",161.00,3,0,0,97%,"$5,67,557","$2,96,239",160.00,3,0,0,97%,"$5,69,756","$2,96,239",162.00,2,0,0,98%,"$5,68,340","$2,96,239",160.00,2,0,0,97.00%,"$5,70,853","$2,96,239",160.00,4,0,0,97%,"$5,66,325","$2,96,239",,,,,,,,,,,,,,,,,,,,,
Element Five,Active,Ramesh,Ananth Rao,,,,,,,,,,,,,,,,,,,,,,,,,,,,,,,,,,,,,,,,,,,,,,,,,,,,,,,,,,,,,,,,,,,,,,
eMolecules,Active,Santosh Saboo,Sunil Das,3.00,0,0,0,100%,"$14,630","$5,833",3.00,0,0,0,100%,"$14,630","$5,833",3.00,0,0,0,100%,"$14,630","$5,833",4.00,0,0,0,100%,"$20,710","$5,833",4.00,0,0,0,100%,"$20,710","$8,733",4.00,0,0,0,100%,"$20,710","$9,780",4.00,0,0,0,100%,"$20,710","$9,780",4.00,0,0,0,100%,"$20,710","$9,780",5.00,0,0,0,100%,"$26,710","$11,200",,,,,,,
Envestnet,Active,Anand Raja,Bhavesh Yagnik,,,,,,,,,,,,,,,,,,,,,,,,,,,,,,,,,,,,,,,,,,,,,,,,,,,,,,,,,,,,,,,,,,,,,,
EP,Active,Sat,Venugopal Reddy,5.00,0,0,0,94%,"$24,083","$13,497",6.00,0,0,0,95%,"$22,356","$13,497",6.00,0,0,0,95.00%,"$22,246","$13,497",6.00,0,0,0,95%,"$24,326","$13,497",6.00,0,0,0,95%,"$23,360","$13,497",6.00,0,0,0,97%,"$23,850","$13,916",6.00,0,0,0,93%,"$24,321","$13,916",,,,,,,,,,,,,,,,,,,,,
Everbridge,Active,Anand Raja,Venugopal Reddy,18.00,,,,94%,"$92,904","$58,729",19.00,,,,95%,"$91,056","$59,167",18.00,,,,92%,"$76,120","$55,738",23.00,,,,99%,"$1,06,492","$63,904",23,,,,94%,"$1,06,800","$76,122",23.00,,,,92%,"$1,07,144","$77,129",22.00,,,1,92%,"$1,11,500","$71,315",22.00,,,,94%,"$92,920","$71,315",22.00,,,,95%,"$1,11,488","$71,315",,,,,,,
Exotel,Active,Rohit,Anand Shah,,,,,,,,,,,,,,,,,,,,,,,,,,,,,,,,,,,,,,,,,,,,,,,,,,1.00,,,,100%,"$1,300","$1,618",1.00,,,,100%,"$3,529","$2,157",1.00,,,,100%,"$3,529","$2,157"
Experity,Active,Prathima,Sunil Das,2.00,0,0,0,88%,"$7,704","$5,067",2.00,0,0,0,97%,"$8,104","$5,067",2.00,0,0,0,94%,"$18,272","$5,067",2.00,0,0,0,94%,"$8,720","$5,067",2.00,0,0,0,94%,"$8,720","$5,371",2.00,0,0,0,94%,"$8,720","$5,371",2.00,0,0,0,94%,"$8,720","$5,371",,,,,,,,,,,,,,,,,,,,,
Extreme Reach,Active,Prathima,Venugopal Reddy,,,,,,,,,,,,,,,13.00,0,13,0,98%,"$31,315","$12,489",14.00,0,1,0,100%,"$80,800","$33,982",16.00,0,2,0,100%,"$94,720","$41,172",17.00,0,3,1,100%,"$1,02,320","$43,150",17.00,0,,,100%,"$1,03,616","$40,013",17.00,0,1,1,100%,"$1,01,504","$37,758",,,,,,,,,,,,,,
Fifty Bytes,Active,Ramesh Narsimhan,Sunil Das,16,0,1,0,96%,"$74,804 ","$33,664 ",16,0,1,0,94%,"$72,226 ","$33,664 ",16,0,1,0,98%,"$71,320 ","$33,326 ",17,0,1,0,98%,"$74,820 ","$33,326 ",,,,,,,,,,,,,,,,,,,,,,,,,,,,,,,,,,,,,,,,,,
Finvi,Active,Anand Raja,Venugopal Reddy,10.00,0,0,0,94%,"$54,496","$13,197",10.00,0,0,0,93%,"$49,000","$14,518",10.00,0,0,0,84%,"$48,592","$13,197",10.00,0,0,0,91%,"$56,356","$13,197",25.00,1,0,0,110%,"$1,34,110","$58,002",8.00,0,0,2,98%,"$40,404","$61,490",5.00,0,0,3,95%,"$26,544","$4,757",,,,,,,,,,,,,,,,,,,,,
FPG Data,Active,Prathima,Anand Shah,5.00,,,,99%,"$18,519","$10,420",4.00,,,,81%,"$15,564","$11,239",5.00,,,,90%,"$14,464","$9,312",7.00,,,,92%,"$39,288","$23,192",8.00,,,,92%,"$39,077","$22,576",9.00,,,,90%,"$39,350","$27,285",8.00,,,,93%,"$39,396","$26,089",7.00,,,,86%,"$29,886","$20,019",7.00,0,0,0,85%,"$33,120","$19,951",6.00,,,,82%,"$26,672","$17,542"
Fragomen,Active,Santosh Saboo,Munish Goyal,9.00,0,0,0,96%,"$82,030","$39,277",9.00,0,0,0,94%,"$74,449","$39,024",9.00,0,0,0,93%,"$72,592","$36,611",9.00,0,0,0,90%,"$77,301","$35,158",8.00,0,0,0,86%,"$67,992","$33,222",8.00,0,0,0,93%,"$69,944","$33,622",9.00,0,0,0,96%,"$83,404","$38,059",9,0,0,0,92%,"$71,364","$35,787",4.00,0,0,1,88%,"$41,328","$22,136",,,,,,,
Freshworks,Active,Rohit,Anand Shah,,,,,,,,,,,,,,,,,,,,,,,,,,,,,2.00,,,,100%,"$3,278","$1,029",3.00,,,,100%,"$10,491","$4,902",4.00,,,,100%,"$18,359","$7,059",5.00,,,,100%,"$21,419","$9,020",5.00,,,,100%,"$22,949","$9,020",5.00,,,,100%,"$22,949","$9,020"
Gerdau,Active,Tony,Swathi Kadoor,2.00,1,1,0,91%,"$13,200","$7,444",2.00,0,0,0,90%,"$12,000","$7,188",2.00,0,0,0,86%,"$11,376","$7,188",2.00,0,0,0,98%,"$12,888","$7,444",2.00,0,0,0,100%,"$9,576","$5,888",1.00,0,0,1,86%,"$5,616","$3,856",1.00,0,0,0,100%,"$7,176","$3,856",1.00,0,0,0,100%,"$5,928","$3,856",1.00,0,0,0,100%,"$6,864","$3,856",,,,,,,
GoEducate,Active,Anand Raja,Sunil Das,13.00,1,0,0,96%,"$54,508","$26,640",13.00,1,0,0,95%,"$49,328","$26,640",13.00,1,0,0,93%,"$49,304","$26,240",13.00,1,0,0,91%,"$54,388","$26,240",6.00,1,0,0,100%,"$53,256","$26,240",13.00,1,0,0,96%,"$51,710","$26,240",13.00,1,0,0,98%,"$56,610","$27,814",13.00,1,0,0,98%,"$56,610","$27,814",13.00,1,0,0,98%,"$56,610","$27,814",,,,,,,
Harris,Active,Shyam,Munish Goyal,4.00,0,0,0,94%,"$17,894","$10,004",4.00,0,0,0,96%,"$16,582","$10,004",4.00,0,0,0,93%,"$15,414","$10,004",4.00,0,0,0,93%,"$18,241","$10,004",4.00,0,0,0,94%,"$17,349","$9,827",3.50,0,0,0,76%,"$14,320","$9,996",3.00,0,0,0,96%,"$16,045","$9,306",3.00,0,0,0,95%,"$13,127","$9,306",3.00,0,0,0,94%,"$15,018","$9,306",,,,,,,
HID Global,Active,Anand Raja,Venugopal Reddy,5.00,,,,93%,"$24,372","12,527",5.00,,,,95%,"$22,460","12,010",5.00,,,,93%,"$22,176","12,010",5.00,,,,96%,"$25,248","12,010",5.00,,,,97%,"$24,496","$12,366",5.00,,,,97%,"$24,308","12,779",5.00,,,,98%,"$27,104","12,779",5.00,,,,95%,"$21,364","12,779",5.00,,,,89%,"$24,036","12,562",,,,,,,
Hivemindd,Active,Prathima,Venugopal Reddy,,,,,,,,,,,,,,,,,,,,,,,,,,,,,,,,,,,,10.00,0,0,0,100%,"$55,104","$14,350",10.00,0,0,0,95%,"$61,952","$13,102",,,,,,,,,,,,,,,,,,,,,
Humanetics Group,Active,Shyam,Nikhil Damwani,19.00,0,0,0,90%,"$1,04,741","$48,614",19.00,0,0,0,90%,"$1,01,262","$50,732",18.00,0,0,1,89%,"$90,663","$47,987",17.00,0,0,0,92%,"$90,558","$45,374",11.00,0,0,5,90%,"$61,938","$30,841",9.00,0,0,0,87%,"$48,456","$28,639",7.00,0,0,0,90%,"$32,266","$17,644",4.00,0,0,3,94%,"$22,465","$13,852",4.00,0,0,0,98%,"$27,217","$13,852",,,,,,,
IEEE,Active,Shyam,Sunil Das,7.00,0,0,0,88%,"$33,996","$17,508",7.00,0,0,0,91%,"$32,504","$17,508",7.00,0,0,0,79%,"$26,766","$12,408",7.00,0,0,0,85%,"$34,150","$17,508",7.00,0,0,0,92%,"$33,548","$17,508",7.00,0,0,0,96%,"$34,948","$17,508",,,,,95%,"$29,524","$17,508",,,,,,,,,,,,,,,,,,,,,
Ingram Micro,Active,Tony,Nikhil Damwani,56.00,0.0,0,0,93%,"$2,85,616","$1,57,457",55,2.0,0,0,92%,"$2,49,380","$1,52,977",52.00,2,1,0,93%,"$2,35,676","$1,52,888",51.00,2.0,2,2,95%,"$2,44,432","$1,36,466",54.00,3.0,3,0,88%,"$2,38,016","$1,58,747",57.00,3,0,0,94%,"$2,73,497","$1,68,102",55.00,6,3,2,96%,"$3,02,252","$1,66,415",57.00,3,2,0,98%,"$2,51,906","$1,71,074",,,,,,,,,,,,,,
Johnson Matthey,Active,Krishna Singh,Shubhanjali Sinha,,,,,,,,,,,,,,,,,,,,,,,,,,,,,,,,,,,,,,,,,,,,,,,,,,,,,,,,,,,,,,,,,,,,,,
Kindercare,Active,Santosh Saboo,Swathi Kadoor,17.00,1,0,4,90%,"$1,10,192","$45,117",20.00,1,3,0,100%,"$1,40,255","$55,501",22.00,1,2,0,100%,"$1,45,455","$58,694",24.00,0,1,0,100%,"$1,54,455","$62,494",25.00,0,1,0,100%,"$1,64,467","$62,973",24.00,0,0,1,104%,"$1,57,399","$64,139",27.00,0,3,0,90%,"$1,73,759","$73,585",28.00,0,1,0,111%,"$1,82,359","$75,654",29.00,0,0,0,95%,"$1,94,938","$82,595",,,,,,,
Labcorp,Active,Santosh Saboo,Swathi Kadoor,7.00,1,0,0,89%,"$43,697","$23,624",8.00,0,0,0,96%,"$41,446","$22,733",8.00,2,2,0,80%,"$45,011","$30,076",6.00,2,0,2,80%,"$39,129","$23,214",5.00,0,0,3,97%,"$32,159","$15,337",6.00,2,3,0,79%,"$36,689","$25,275",8.00,1,1,0,95%,"$56,602","$27,016",12,1,4,0,94%,"58,248","37,143",12,1,0,0,88%,"$69,637","$37,143",,,,,,,
Lascana,Active,Shyam,Munish Goyal,3.00,0.00,0.00,0.00,93.51%,"9,456.00","4,005.00",3.00,0.00,0.00,0.00,100%,"$9,160","$4,005",3.00,0,0,0,99%,"$9,020","$4,005",3.00,0.00,0,0,98%,"$9,820","$4,005",3.00,0.00,0,0,93%,"$8,958","$3,934",3.00,0,0,0,98%,"$9,432","$3,933",3.00,0,0,0,91%,"$9,634","$4,113",$3,$0,0,0,90%,"$7,856","$4,113",2.00,0,0,0,97%,"$4,656","$1,656",,,,,,,
LeadVenture,Active,Sat,Mahesh S,88.00,5,2,3,90%,"$4,07,794","$2,43,239",84.00,6,4,0,89%,"$4,08,488","$2,49,574",88.00,5,4,0,88%,"$4,26,438","$2,54,674",87.00,4,1,1,89%,"$4,26,959","$2,67,980",94.00,4,8,1,88%,"$4,23,682","$2,47,733",96.00,4,4,1,89%,"$4,74,942","$2,84,348",98.00,6,5,1,88%,"$4,84,523.67","$2,89,713",105.00,6,9,0,88%,"$4,87,718.83","$3,01,936.47",111.00,7,8,2,88%,"$5,33,182","$3,28,230",,,,,,,
LiquidWeb,Active,Anand Raja,Rajesh Singh,10.00,1,0,0,93.59%,"$57,126","$29,381",10.00,1,0,0,97.20%,"$54,951","$26,774",10.00,1,0,0,85%,"$52,859","$26,774",10.00,1,0,0,83%,"$57,210","$26,774",11.00,1,0,0,,,,11.00,1,0,0,,,,,,,,,,,,,,,,,,,,,,,,,,,,,,,
LSAC,Active,Santosh Saboo,Swathi/Abhi,28.00,0,0,0,91%,"$1,80,968","$75,268",28.00,0,0,0,88.00%,"$1,60,296","$75,268",28.00,0,0,0,87.00%,"$1,60,380","$75,268",28.00,0,0,0,90%,"$1,77,368","$72,202",27.00,0,0,0,89%,"$1,63,104","$70,527",27.00,0,0,0,89%,"$1,63,104","$70,527",,,1,0,88%,"$1,46,360","$59,990",21.00,2,0,0,91%,"$1,26,100","$59,711",21.00,1,0,0,90%,"$1,41,048","$58,566",21.00,1,0,1,91%,"$1,26,608","$57,736"
MSA All Accounts,Active,Shyam,Munish Goyal,122.00,0,3,0,91.55%,"$4,42,069","$2,45,636",123.15,0,2,0,93.10%,"$4,19,843","$2,42,341",122.62,0,0,0,92%,"$4,20,998","$2,41,953",124.9545455,0,0,0,93%,"$4,36,169","$2,43,365",123.62,0,0,0,92%,"$4,21,486","$2,37,618",120.00,0,0,0,93%,"$4,20,647","$2,51,372",119.96,0,0,0,93%,"$4,46,108","$2,53,988",120.50,0,0,0,92%,"$4,06,938","$2,50,979",120.95,0,0,0,68%,"$4,33,927","$2,51,915",,,,,,,
MyEyeDr,Active,Santosh Saboo,Swathi Kadoor,17.00,2,2,0,90%,"$87,447","$48,789",21.00,0,0,0,100%,"$98,286","$50,113",18.00,1,0,2,95%,"$96,027","$49,212",15.00,1,0,3,94%,"$73,905","$41,590",15.00,1,0,0,97%,"$82,825","$40,206",14.00,2,0,0,89%,"$81,241","$37,774",15.00,2,2,0,97%,"$90,175","44,503.00",15.00,1,0,0,98%,"$81,409","$41,427",16.00,2,2,0,91%,"$90,153","$48,863",,,,,,,
Neighborly,Active,Anand Raja,Sunil Das,5.00,0,0,2,94%,"$17,392","$9,734",4.00,0,0,1,93%,"$14,152","$7,800",6.00,1,0,0,108%,"$25,920","$14,200",6.00,1,0,0,100%,"$13,256","$8,000",6.00,1,0,0,100%,"$13,256","$8,480",6.00,1,0,0,100%,"$13,256","$8,480",5.00,0,0,0,98%,"$19,476",,5.00,0,0,0,98%,"$19,476",,5.00,0,0,0,98%,"$19,476",,,,,,,,
NGL/PDS,Active,Sat,Anand Shah,0.00,,,,97.27%,"$17,688","$9,653",6.00,,,,92%,"$15,217","$9,653",5.00,,,,90%,"$20,663","$13,304",4.00,,,,97%,"$14,130","$8,090",5.00,,,,96%,"$16,469","$9,286",5.00,,,,94%,"$16,200","$9,286",6.00,,,,96%,"$18,256","$9,459",6.00,,,,96%,"$17,823","$10,437",6.00,0,0,0,92%,"$20,015","$10,437",6.00,,,,90%,"$17,744","$10,437"
Noodle (Daybreak),Active,Tony,Venugopal Reddy,5.00,1,,,97%,"$23,852","$9,942",5.00,1,,,97%,"$23,852","$9,942",5.00,1,,,95%,"$23,852","$11,718",5.00,1,,,99%,"$26,800","$12,722",4.00,1,,,95%,"$20,819","$12,722",4.00,1,,,81%,"$21,041","$12,722",4.00,1,,,81%,"$21,041","$12,722",4.00,1,,,78%,"$22,000","$11,262",4.00,,,,95%,"$22,000","$8,146",,,,,,,
NPI-F,Active,Prathima,Swathi Kadoor,11.00,0,3,0,98%,"$61,302","$18,365",11.00,1,1,0,100%,"$68,773","$23,918",11.00,2,1,0,100%,"$61,212","$25,674",11,2,0,0,100%,"$63,900","$26,118",10.00,0,0,1,100%,"$61,920","$25,175",10.00,0,0,0,86%,"$33,432","$16,237",10.00,0,0,0,100%,"$33,960","$16,237",,,,,,,,,,,,,,,,,,,,,
Owlinvest,Active,Shyam,Munish Goyal,5.00,0,0,0,95%,"$23,857","$11,013",5.00,0,0,0,95%,"$21,808","$11,013",5.00,0,0,0,94%,"$21,544","$11,013",5.00,0,0,0,92%,"$23,250","$11,013",5.00,0,0,0,93%,"$22,687","$10,818",6.00,0,1,0,96%,"$26,720","$11,816",6.00,0,0,0,92%,"$29,122","$13,042",6.00,0,0,0,95%,"$24,698","$13,042",6.00,0,0,0,92%,"$27,901","$13,042",,,,,,,
Pango,Active,Sat,Anand Shah,6.00,,,,100%,"$34,823","$22,942",,,,,100%,"$34,823","$22,747",6.00,,,,100%,"$34,823","$22,839",6.00,,,,100%,"$34,823","$23,560",6.00,,,,100%,"$33,338","$23,674",5.00,,,,100%,"$28,588","$19,566",5.00,,,,100%,"$28,588","$19,534",5.00,,,,100%,"$28,588","$19,778",5.00,,,,100%,"$28,588","$19,778",5.00,,,,100%,"$28,588","$19,778"
PCNA,Active,Santosh Saboo,Swathi Kadoor,2.00,1,0,0,90%,"$14,080","$6,890",3.00,1,1,0,92%,"$16,640","$7,782",3.00,1,0,0,92%,"$17,984","$8,480",2,1,0,1,89%,"$13,440","$6,602",1.00,1,0,1,77%,"$6,400","$3,434",1.00,1,0,0,81%,"$6,720","$3,608",1.00,1,0,0,86%,"$7,040","$3,168",1.00,1,0,0,98%,"$6,720","$3,024",1.00,1,0,0,82%,"$6,400","$2,880",1.00,1,0,0,94%,"$7,040","$3,168"
Plexis,Active,Mikunj,Ashish Moses,,,,,,,,,,,,,,,,,,,,,,,,,,,,,,,,,,,,,,,,,,,,,,,,,,,,,,,,,,,,,,,,,,,,,,
Pollard,Active,Sat,Anand Shah,37.00,,,,93%,"$1,26,701","$65,859",36.00,,,,90%,"$1,09,880","$67,406",36.00,,,,95%,"$1,03,982","$66,518",39.00,,,,96%,"$1,24,970","$72,966",38.00,,,,92%,"$1,21,241","$76,222",38.00,,,,92%,"$1,23,089","$76,064",37.00,,,,93%,"$1,32,774","$74,643",37.00,,,,92%,"$1,09,064","$74,643",38.00,,,,91%,"$1,22,494","$72,389",35.00,,,,90%,"$1,06,182","$70,282"
Priority Software All Accounts,Active,Sat,Anand Shah,12,,,,100%,"$24,083","$10,241",12,,,,100%,"$24,083","$10,154",9.00,,,,100%,"$15,557","$8,106",8.00,,,,100%,"$15,578","$8,200",5.25,,,,100%,"$16,052","$8,231",5.25,,,,100%,"$16,201","$7,618",5.25,,,,100%,"$16,201","$7,606",8.00,,,,100%,"$16,201","$7,700",8.00,,,,100%,"$16,201","$7,700",8.00,,,,100%,"$16,201","$7,700"
ProbeGroup - Australia,Active,Ramesh,Ashish Moses,,,,,,,,,,,,,,,,,,,,,,,,,,,,,,,,,,,,,,,,,,,,,,,,,,,,,,,,,,,,,,,,,,,,,,
Prometheus,Active,Tony,Sunil Das,9,0,0,0%,100%,"$36,748 ","$13,410 ",7,0,0,,94%,"$28,000 ","$8,956 ",7,0,0,,100%,"$29,640 ","$8,956 ",7,0,0,,100%,"$32,604 ","$8,956 ",7,0,0,,99%,"$30,882 ","$10,200 ",7,0,0,,97%,"$30,090 ","$10,994 ",7,0,0,,89%,"$30,390 ","$10,994 ",,,,,,,,,,,,,,,,,,,,,
Proofpoint,Active,Tony,Sunil Das,8.00,0,0,0,96%,"$36,512","$19,116",8.00,0,0,0,96%,"$36,048","$19,116",8.00,0,0,0,95%,"$35,816","$19,116",8.00,0,0,0,95%,"$35,120","$19,116",8.00,0,0,0,94%,"$35,120","$19,116",8.00,0,0,0,97%,"$35,120","$20,262",6.00,0,0,0,95%,"$27,000","$18,262",6.00,0,0,0,95%,"$27,000","$18,262",6.00,0,0,0,95%,"$27,000","$18,262",6.00,0,0,0,95%,"$27,000","$18,262"
Rackspace,Active,Anand Raja,Rajesh Singh,2.00,0,0,0,95.45%,"$6,744","$4,945",2.00,0,0,0,95.00%,"$17,656","$4,855",2.00,0,0,0,93%,"$16,936","$4,855",2.00,0,0,0,98%,"$14,608","$4,855",1.00,0,0,0,100.00%,"$6,080","$1,506",1.00,0,0,0,95%,"$5,776","$1,614",,,,,,,,,,,,,,,,,,,,,,,,,,,,
Rapid7,Active,Shyam,Munish Goyal,4.00,0,0,0,95%,"$41,906.00","$22,901",4.00,0,0,0,93%,"$37,659","$22,987",4.00,0,0,0,99%,"$44,576","$23,833",4.00,0,0,0,97%,"$26,176","$13,463",2.00,0,0,0,98%,"$25,664","$12,987",2.00,0,0,0,93%,"$23,712","$12,528",2.00,0,0,0,98%,"$26,432","$13,480",2.00,0,0,0,98%,"$23,680","$13,480",2.00,0.0,0,0,91%,"$23,712","$12,214",,,,,,,
Riskonnect,Active,Anand Raja,Venugopal Reddy,8.00,0,0,0,93%,"$37,016","$20,242",8.00,0,0,0,92%,"$30,288","$20,217",8.00,0,0,0,96%,"$31,704","$20,217",8.00,0,0,0,95%,"$38,712","$21,108",8.00,0,0,0,89%,"$34,332","$21,108",8.00,0,0,0,94%,"$37,012","$21,108",8.00,0,0,0,85%,"$33,044","$17,450",,,,,,,,,,,,,,,,,,,,,
RLDatix,Active,Krishna Singh,Venugopal Reddy,12.00,0,6,0,96%,"$57,176","$27,015",12.00,0,0,0,94%,"$56,292","$29,469",13.00,0,1,0,94%,"$62,464","$31,782",12.00,0,0,0,95%,"$62,600","$29,402",11.00,0,0,0,89%,"$50,604","$27,339",12.00,0,0,0,97%,"$60,492","$26,264",12.00,0,0,0,96%,"$66,068","$26,264",,,,,,,,,,,,,,,,,,,,,
Rotary All Accounts,Active,Shyam,Munish Goyal,162.00,1,1,0,93.71%,"$8,38,762","$4,71,874",161.84,1,3,0,95.28%,"$7,90,715","$4,50,369",167.34,2,0,0,95%,"$7,74,721","$4,33,315",172.0504992,2,5,0,100%,"$9,43,048","$5,18,595",168.2766897,2,0,0,96%,"$8,79,219","$4,59,842",166.21,2,0,0,98%,"$8,61,104","$5,00,655",166.03,3,0,0,97%,"$8,52,105","$4,95,909",164.61,8,3,0,96%,"$7,97,706","$4,80,376",164.31,8,3,0,98%,"$8,36,026","$5,19,718",,,,,,,
SafetyIO ,Active,Tony,Anand Shah,5.00,,,,95%,"$25,640","$10,551",5,,,,91%,"$24,464","$10,551",5.00,,,,89%,"$23,304","$10,551",5.00,,,,96%,"$28,864","$11,735",5.00,,,,89%,"$25,552","$11,735",5.00,,,,90%,"$25,640","$11,735",6.00,,1,,93%,"$31,632","$12,793",9.00,,3,,87%,"$40,536","$23,134",9.00,,,,92%,"$49,848","$23,134",9.00,,,,88%,"$41,040","$23,134"
Stewart Title Insurance Gauranty,Active,Shyam,Nikhil Damwani,4.00,0,0,0,86%,"$13,272","$5,438",3.00,0,0,0,87%,"$8,680","$3,474",4.00,0,0,0,89%,"$18,760","$8,121",4.00,0,0,0,99%,"$23,128","$8,121",5.00,0,0.00,0,91%,"$21,574","$8,827",5.00,0,0,0,86%,"$22,330","$10,023",4.00,0,0,0,86%,"$11,200","$4,008",4.00,0,0,0,86%,"$10,360","$4,008",3.00,0,0,0,92%,"$11,480","$4,008",,,,,,,
Syndigo,Active,Shyam,Munish Goyal,16.00,1,,,86%,"$91,310","$44,234",16.00,1,0,0,93%,"$75,530","$37,861",16.00,1,0,0,95%,"$66,946","$33,194",11.77,1,0,4,83%,"$52,632","$27,425",15.01,1,3,0,99%,"$62,356","$28,998",15.00,1,0,0,93%,"$69,186","$33,374",13.00,0,0,0,69%,"$61,756","$34,337",12.20,2,0,0,75%,"$50,623","$28,442",12.20,1,0,0,78%,"$58,466","$28,303",,,,,,,
TALIX / Edifecs,Active,Mikunj,Sunil Das,7,0,0,0,96%,"$42,064 ","$21,715 ",7,0,0,0,93%,"$37,560 ","$21,715 ",7,0,0,0,92%,"$36,416 ","$21,715 ",7,0,0,0,96%,"$41,399 ","$21,715 ",7,0,0,0,93%,"$38,672 ","$21,715 ",8,0,0,0,95%,"$39,240 ","$25,205 ",5,0,0,0,90%,"$30,180 ","$14,202 ",5,0,0,0,98%,"$26,344 ","$14,202 ",5,0,0,0,92%,"$28,632 ","$14,202 ",,,,,,,
Thermofisher,Active,Shyam,Munish Goyal,1.00,0,0,0,98%,"$6,020","$3,179",1.00,0,0,0,100%,"$5,600","$3,154",1.00,0,0,0,100%,"$5,880","$3,312",1.00,0,0,0,98%,"$6,020","$3,391",1.00,0,0,0,98%,"$6,020","$3,331",4.00,0,3,0,93%,"$15,564","$10,418",6.00,0,2,0,97%,"$31,824","$22,962",6.00,0,2,0,97%,"$26,549","$19,016",7.00,0,2,0,93%,"$31,524","$21,774",,,,,,,
Tierpoint,Active,Anand Raja,Rajesh Singh,1.00,0,0,0,100%,"$6,358","$2,530",1.00,0,0,0,100%,"$5,780","$2,530",1.00,0,0,0,100%,"$5,780","$2,530",1.00,0,0,0,100%,"$6,358","$2,530",1,0,0,0,100%,"$5,780","$2,530",1.00,0,0,0,100%,"$6,069","$2,530",,,,,,,,,,,,,,,,,,,,,,,,,,,,
Transformco,Active,Shyam,Munish Goyal,1.00,0,0,0,95%,"$5,712.00","$3,486.00",1.00,0,0,0,100%,"$5,440.00","$3,652.00",1.00,0,0,0,100%,"$5,440.00","$3,696.11",1.00,0,0,0,100%,"$5,632.00","$3,826.00",1.00,0,0,0,95%,"$5,376","$3,588",1.00,0,0,0,100%,"$5,376","$3,588",1.00,0,0,0,100%,"$6,164","$3,907",$1,$0,0,0,95%,"$4,824","$3,057",1.00,0,0,0,100%,"$5,896","$3,907",,,,,,,
TSL,Active,Sat,Anand Shah,3.00,,,,100%,"$10,200","$5,664",3.00,,,,100%,"$10,200","$5,616",3.00,,,,100%,"$10,200","$5,639",3.00,,,,100%,"$10,200","$5,979",3.00,,,,100%,"$10,200","$6,008",3.00,,,,100%,"$7,800","$4,661",2.00,,,,100%,"$7,000","$4,222",2.00,,,,100%,"$7,000","$4,275",2.00,,,,100%,"$7,000","$4,275",2.00,,,,100%,"$7,000","$4,275"
Universal Music Group,Active,Santosh Saboo,Swathi Kadoor,1.00,0,0,0,91%,"$6,080.00","$3,489.00",1.00,0,0,0,100%,"$7,680","$3,489.00",1.00,0,0,0,95%,"$5,776","$3,489.00",1.00,0,0,0,95%,"$8,064","$3,489.00",1.00,0,0,0,100%,"$6,384","$3,427",1.00,0,0,0,95%,"$6,080","$3,770",1.00,0,0,0,98%,"$6,840","$3,770",1.00,0,0,0,100%,"$5,776","$3,770",1,0,0,0,95%,"$6,384","$3,770",,,,,,,
USAA/Affinius,Active,Anand Raja,Venugopal Reddy,5.00,,,,94%,"$23,312","$12,900",7.00,,,,88%,"$21,600","$12,368",6.00,,,,96%,"$21,104","$12,368",6.00,,,,98%,"$23,832","$12,368",6.00,,,,95%,"$33,900","$14,749",6.00,,,,95%,"$33,928","$15,846",6.00,,,,93%,"$35,912","$15,846",6.00,,,,96%,"$30,824","$15,846",6.00,,,,99%,"$36,152","$15,116",,,,,,,
Veracode,Active,Sat,Deepak,,,,,,,,,,,,,,,,,,,,,,,,,,,,,,,,,,,,,,,,,,,,,,,,,,,,,,,,,,,,,,,,,,,,,,
WSR Insurance,Active,Tony,Sunil Das,11.00,3,0,0,99%,"$57,588","$22,356",11.00,1,0,2,100%,"$53,240","$21,456",11.00,3,0,0,125%,"$53,447","$15,920",13.00,3,0,0,120%,"$65,752","$15,920",13.00,3,0,0,120%,"$65,752","$16,880",13.00,3,0,0,120%,"$65,752","$16,880",13.00,3,0,0,120%,"$66,752","$16,880",,,,,,,,,,,,,,,,,,,,,
Xybion,Active,Sat,Anand Shah,11.00,0,0,0,100%,"$16,500","$10,761",11.00,,,,100%,"$16,500","$10,670",11.00,0,,,100%,"$16,050","$10,005",10.00,,,,100%,"$15,000","$10,349",9.00,2,0,1,100%,"$13,425","$11,181",10.00,1,,,100%,"$14,250","$9,831",10.00,1,,,100%,"$14,350","$10,019",11.00,,,,100%,"$16,600","$10,144",10.00,,,,100%,"$15,100","$8,983",11.00,,,,100%,"$15,100","$10,144"
Ziing,Active,Santosh Saboo,Swathi Kadoor,1.00,0,0,4,95.00%,"$5,880","$3,211",1.00,0.00,0.00,0.00,100%," $5,600.00 "," $2,732.26 ",1.00,0,0,4,100.00%,"$5,320","$2,732",1.00,0.00,0.00,0.00,89.00,"5,880.00","2,732.26",1.00,0,0,0,100%,"$5,880.00","$2,683.76",1.00,0.00,0.00,0.00,90%,"$5,320.00","$2,866.48",,,0.00,0.00,91.30%,"$5,880.00","$2,866.48",1.00,0,0.00,0.00,89%,"$4,760","$2,866",,,0.00,0.00,100%,"$6,160","$2,866",1.00,0.00,0.00,0.00,100.00%,"$5,880","$2,866"
ZoomInfo,Active,Anand Raja,Shubhanjali Sinha,,,,,,,,,,,,,,,,,,,,,,,,,,,,,,,,,,,,,,,,,,,,,,,,,,,,,,,,,,,,,,,,,,,,,,
Zuum,Active,Prathima,Venugopal Reddy,8,0,6,0,100%,"$41,300 ","$18,963 ",6,1,1,0,86%,"$41,300 ","$20,433 ",10.00,1,4,0,89%,"$55,105","$24,848",12.00,1,2,0,92%,"$84,700","$32,956",14.00,0,3,1,93%,"$97,400","$36,826",15.00,0,3,2,93%,"$1,01,200","$40,306",21.00,0,6,0,95%,"$1,44,108","$56,924",23.00,2,2,0,92%,"$1,47,108","$58,689",,,,,,,,,,,,,,
,,,,,,,,,,,,,,,,,,,,,,,,,,,,,,,,,,,,,,,,,,,,,,,,,,,,,,,,,,,,,,,,,,,,,,,,,
,,,,,,,,,,,,,,,,,,,,,,,,,,,,,,,,,,,,,,,,,,,,,,,,,,,,,,,,,,,,,,,,,,,,,,,,,
, ,,,,,,,,,,,,,,,,,,,,,,,,,,,,,,,,,,,,,,,,,,,,,,,,,,,,,,,,,,,,,,,,,,,,,,,,